User Inputs & Results,Global:,Assay (Select Oil),-,`,product_name,,
User Inputs & Results,Global:,Upstream Field Selection,-,`,upstream_field_selection,,
User Inputs & Results,Global:,Gas Production Volume (MCFD),-,`,gas_production_volume,,
User Inputs & Results,Global:,Oil Production Volume (BOED),-,`,oil_production_volume,,
User Inputs & Results,Global:,NGL Volume source,-,`,ngl_volume_source,,
User Inputs & Results,Global:,NGL C2 Volume (BOED),-,`,ngl_c2_volume,,
User Inputs & Results,Global:,NGL C3 Volume (BOED),-,`,ngl_c3_volume,,
User Inputs & Results,Global:,NGL C4 Volume (BOED),-,`,ngl_c4_volume,,
User Inputs & Results,Global:,NGL C5+ Volume (BOED),-,`,ngl_c5plus_volume,,
User Inputs & Results,Global:,Total field NGL volume (BOED),-,`,total_field_ngl_volume,,
User Inputs & Results,Global:,OPGEE Coke mass (kg/d),-,`,opgee_coke_mass,,
User Inputs & Results,Global:,% Field NGL C2 Volume allocated to Ethylene converstion,-,`,percent_ngl_c2_to_ethylene,,
User Inputs & Results,Combustion,Oil product Combustion efficiencies,Gasoline,`,refinery_product_combustion,Gasoline,% Combusted
User Inputs & Results,Combustion,Oil product Combustion efficiencies,Jet Fuel,`,refinery_product_combustion,Jet Fuel,% Combusted
User Inputs & Results,Combustion,Oil product Combustion efficiencies,Diesel,`,refinery_product_combustion,Diesel,% Combusted
User Inputs & Results,Combustion,Oil product Combustion efficiencies,Fuel Oil,`,refinery_product_combustion,Fuel Oil,% Combusted
User Inputs & Results,Combustion,Oil product Combustion efficiencies,Coke,`,refinery_product_combustion,Coke,% Combusted
User Inputs & Results,Combustion,Oil product Combustion efficiencies,Residual fuels,`,refinery_product_combustion,Residual fuels,% Combusted
User Inputs & Results,Combustion,Oil product Combustion efficiencies,Liquefied Petroleum Gases (LPG),`,refinery_product_combustion,Liquefied Petroleum Gases (LPG),% Combusted
User Inputs & Results,Combustion,Upstream Coke Combustion efficiency,-,`,coke_combustion,Coke,% Combusted
User Inputs & Results,Combustion,Natural Gas Combustion efficiency,-,`,natural_gas_combustion,Natural Gas,% Combusted
User Inputs & Results,Combustion,NGL Combustion efficiencies,Ethane,`,ngl_combustion,Ethane,% Combusted
User Inputs & Results,Combustion,NGL Combustion efficiencies,Propane,`,ngl_combustion,Propane,% Combusted
User Inputs & Results,Combustion,NGL Combustion efficiencies,Butane,`,ngl_combustion,Butane,% Combusted
User Inputs & Results,Combustion,NGL Combustion efficiencies,Pentanes plus,`,ngl_combustion,Pentanes Plus,% Combusted
User Inputs & Results,Combustion,NGL Combustion efficiencies,Sum,`,ngl_combustion,Sum,% Combusted
,,,,,,,
,,,,,,,
Transport EF,Transport Fuel Shares,Pipeline,Natural Gas,`,fraction_of_fuel_type_for_transport_mode,Pipeline,Natural Gas
Transport EF,Transport Fuel Shares,Pipeline,LNG,`,fraction_of_fuel_type_for_transport_mode,Pipeline,LNG
Transport EF,Transport Fuel Shares,Pipeline,Diesel,`,fraction_of_fuel_type_for_transport_mode,Pipeline,Diesel
Transport EF,Transport Fuel Shares,Pipeline,Bunker Fuel,`,fraction_of_fuel_type_for_transport_mode,Pipeline,Bunker Fuel
Transport EF,Transport Fuel Shares,Pipeline,Residual Oil,`,fraction_of_fuel_type_for_transport_mode,Pipeline,Residual Oil
Transport EF,Transport Fuel Shares,Pipeline,LPG,`,fraction_of_fuel_type_for_transport_mode,Pipeline,LPG
Transport EF,Transport Fuel Shares,Pipeline,DME,`,fraction_of_fuel_type_for_transport_mode,Pipeline,DME
Transport EF,Transport Fuel Shares,Pipeline,FTD,`,fraction_of_fuel_type_for_transport_mode,Pipeline,FTD
Transport EF,Transport Fuel Shares,Pipeline,Biodiesel,`,fraction_of_fuel_type_for_transport_mode,Pipeline,Biodiesel
Transport EF,Transport Fuel Shares,Pipeline,Renewable Diesel,`,fraction_of_fuel_type_for_transport_mode,Pipeline,Renewable Diesel
Transport EF,Transport Fuel Shares,Pipeline,Renewable Gasoline,`,fraction_of_fuel_type_for_transport_mode,Pipeline,Renewable Gasoline
Transport EF,Transport Fuel Shares,Pipeline,Hydrogen,`,fraction_of_fuel_type_for_transport_mode,Pipeline,Hydrogen
Transport EF,Transport Fuel Shares,Pipeline,Ethanol,`,fraction_of_fuel_type_for_transport_mode,Pipeline,Ethanol
Transport EF,Transport Fuel Shares,Pipeline,Methanol,`,fraction_of_fuel_type_for_transport_mode,Pipeline,Methanol
Transport EF,Transport Fuel Shares,Rail,Natural Gas,`,fraction_of_fuel_type_for_transport_mode,Rail,Natural Gas
Transport EF,Transport Fuel Shares,Rail,LNG,`,fraction_of_fuel_type_for_transport_mode,Rail,LNG
Transport EF,Transport Fuel Shares,Rail,Diesel,`,fraction_of_fuel_type_for_transport_mode,Rail,Diesel
Transport EF,Transport Fuel Shares,Rail,Bunker Fuel,`,fraction_of_fuel_type_for_transport_mode,Rail,Bunker Fuel
Transport EF,Transport Fuel Shares,Rail,Residual Oil,`,fraction_of_fuel_type_for_transport_mode,Rail,Residual Oil
Transport EF,Transport Fuel Shares,Rail,LPG,`,fraction_of_fuel_type_for_transport_mode,Rail,LPG
Transport EF,Transport Fuel Shares,Rail,DME,`,fraction_of_fuel_type_for_transport_mode,Rail,DME
Transport EF,Transport Fuel Shares,Rail,FTD,`,fraction_of_fuel_type_for_transport_mode,Rail,FTD
Transport EF,Transport Fuel Shares,Rail,Biodiesel,`,fraction_of_fuel_type_for_transport_mode,Rail,Biodiesel
Transport EF,Transport Fuel Shares,Rail,Renewable Diesel,`,fraction_of_fuel_type_for_transport_mode,Rail,Renewable Diesel
Transport EF,Transport Fuel Shares,Rail,Renewable Gasoline,`,fraction_of_fuel_type_for_transport_mode,Rail,Renewable Gasoline
Transport EF,Transport Fuel Shares,Rail,Hydrogen,`,fraction_of_fuel_type_for_transport_mode,Rail,Hydrogen
Transport EF,Transport Fuel Shares,Rail,Ethanol,`,fraction_of_fuel_type_for_transport_mode,Rail,Ethanol
Transport EF,Transport Fuel Shares,Rail,Methanol,`,fraction_of_fuel_type_for_transport_mode,Rail,Methanol
Transport EF,Transport Fuel Shares,Heavy-Duty Truck,Natural Gas,`,fraction_of_fuel_type_for_transport_mode,Heavy-Duty Truck,Natural Gas
Transport EF,Transport Fuel Shares,Heavy-Duty Truck,LNG,`,fraction_of_fuel_type_for_transport_mode,Heavy-Duty Truck,LNG
Transport EF,Transport Fuel Shares,Heavy-Duty Truck,Diesel,`,fraction_of_fuel_type_for_transport_mode,Heavy-Duty Truck,Diesel
Transport EF,Transport Fuel Shares,Heavy-Duty Truck,Bunker Fuel,`,fraction_of_fuel_type_for_transport_mode,Heavy-Duty Truck,Bunker Fuel
Transport EF,Transport Fuel Shares,Heavy-Duty Truck,Residual Oil,`,fraction_of_fuel_type_for_transport_mode,Heavy-Duty Truck,Residual Oil
Transport EF,Transport Fuel Shares,Heavy-Duty Truck,LPG,`,fraction_of_fuel_type_for_transport_mode,Heavy-Duty Truck,LPG
Transport EF,Transport Fuel Shares,Heavy-Duty Truck,DME,`,fraction_of_fuel_type_for_transport_mode,Heavy-Duty Truck,DME
Transport EF,Transport Fuel Shares,Heavy-Duty Truck,FTD,`,fraction_of_fuel_type_for_transport_mode,Heavy-Duty Truck,FTD
Transport EF,Transport Fuel Shares,Heavy-Duty Truck,Biodiesel,`,fraction_of_fuel_type_for_transport_mode,Heavy-Duty Truck,Biodiesel
Transport EF,Transport Fuel Shares,Heavy-Duty Truck,Renewable Diesel,`,fraction_of_fuel_type_for_transport_mode,Heavy-Duty Truck,Renewable Diesel
Transport EF,Transport Fuel Shares,Heavy-Duty Truck,Renewable Gasoline,`,fraction_of_fuel_type_for_transport_mode,Heavy-Duty Truck,Renewable Gasoline
Transport EF,Transport Fuel Shares,Heavy-Duty Truck,Hydrogen,`,fraction_of_fuel_type_for_transport_mode,Heavy-Duty Truck,Hydrogen
Transport EF,Transport Fuel Shares,Heavy-Duty Truck,Ethanol,`,fraction_of_fuel_type_for_transport_mode,Heavy-Duty Truck,Ethanol
Transport EF,Transport Fuel Shares,Heavy-Duty Truck,Methanol,`,fraction_of_fuel_type_for_transport_mode,Heavy-Duty Truck,Methanol
Transport EF,Transport Fuel Shares,Ocean Tanker,Natural Gas,`,fraction_of_fuel_type_for_transport_mode,Ocean Tanker,Natural Gas
Transport EF,Transport Fuel Shares,Ocean Tanker,LNG,`,fraction_of_fuel_type_for_transport_mode,Ocean Tanker,LNG
Transport EF,Transport Fuel Shares,Ocean Tanker,Diesel,`,fraction_of_fuel_type_for_transport_mode,Ocean Tanker,Diesel
Transport EF,Transport Fuel Shares,Ocean Tanker,Bunker Fuel,`,fraction_of_fuel_type_for_transport_mode,Ocean Tanker,Bunker Fuel
Transport EF,Transport Fuel Shares,Ocean Tanker,Residual Oil,`,fraction_of_fuel_type_for_transport_mode,Ocean Tanker,Residual Oil
Transport EF,Transport Fuel Shares,Ocean Tanker,LPG,`,fraction_of_fuel_type_for_transport_mode,Ocean Tanker,LPG
Transport EF,Transport Fuel Shares,Ocean Tanker,DME,`,fraction_of_fuel_type_for_transport_mode,Ocean Tanker,DME
Transport EF,Transport Fuel Shares,Ocean Tanker,FTD,`,fraction_of_fuel_type_for_transport_mode,Ocean Tanker,FTD
Transport EF,Transport Fuel Shares,Ocean Tanker,Biodiesel,`,fraction_of_fuel_type_for_transport_mode,Ocean Tanker,Biodiesel
Transport EF,Transport Fuel Shares,Ocean Tanker,Renewable Diesel,`,fraction_of_fuel_type_for_transport_mode,Ocean Tanker,Renewable Diesel
Transport EF,Transport Fuel Shares,Ocean Tanker,Renewable Gasoline,`,fraction_of_fuel_type_for_transport_mode,Ocean Tanker,Renewable Gasoline
Transport EF,Transport Fuel Shares,Ocean Tanker,Hydrogen,`,fraction_of_fuel_type_for_transport_mode,Ocean Tanker,Hydrogen
Transport EF,Transport Fuel Shares,Ocean Tanker,Ethanol,`,fraction_of_fuel_type_for_transport_mode,Ocean Tanker,Ethanol
Transport EF,Transport Fuel Shares,Ocean Tanker,Methanol,`,fraction_of_fuel_type_for_transport_mode,Ocean Tanker,Methanol
Transport EF,Transport Fuel Shares,Barge,Natural Gas,`,fraction_of_fuel_type_for_transport_mode,Barge,Natural Gas
Transport EF,Transport Fuel Shares,Barge,LNG,`,fraction_of_fuel_type_for_transport_mode,Barge,LNG
Transport EF,Transport Fuel Shares,Barge,Diesel,`,fraction_of_fuel_type_for_transport_mode,Barge,Diesel
Transport EF,Transport Fuel Shares,Barge,Bunker Fuel,`,fraction_of_fuel_type_for_transport_mode,Barge,Bunker Fuel
Transport EF,Transport Fuel Shares,Barge,Residual Oil,`,fraction_of_fuel_type_for_transport_mode,Barge,Residual Oil
Transport EF,Transport Fuel Shares,Barge,LPG,`,fraction_of_fuel_type_for_transport_mode,Barge,LPG
Transport EF,Transport Fuel Shares,Barge,DME,`,fraction_of_fuel_type_for_transport_mode,Barge,DME
Transport EF,Transport Fuel Shares,Barge,FTD,`,fraction_of_fuel_type_for_transport_mode,Barge,FTD
Transport EF,Transport Fuel Shares,Barge,Biodiesel,`,fraction_of_fuel_type_for_transport_mode,Barge,Biodiesel
Transport EF,Transport Fuel Shares,Barge,Renewable Diesel,`,fraction_of_fuel_type_for_transport_mode,Barge,Renewable Diesel
Transport EF,Transport Fuel Shares,Barge,Renewable Gasoline,`,fraction_of_fuel_type_for_transport_mode,Barge,Renewable Gasoline
Transport EF,Transport Fuel Shares,Barge,Hydrogen,`,fraction_of_fuel_type_for_transport_mode,Barge,Hydrogen
Transport EF,Transport Fuel Shares,Barge,Ethanol,`,fraction_of_fuel_type_for_transport_mode,Barge,Ethanol
Transport EF,Transport Fuel Shares,Barge,Methanol,`,fraction_of_fuel_type_for_transport_mode,Barge,Methanol
Transport EF,Transport Distance,Pipeline,Gasoline,`,transport_distance,Pipeline,Gasoline
Transport EF,Transport Distance,Pipeline,Jet Fuel,`,transport_distance,Pipeline,Jet Fuel
Transport EF,Transport Distance,Pipeline,Diesel,`,transport_distance,Pipeline,Diesel
Transport EF,Transport Distance,Pipeline,Fuel Oil,`,transport_distance,Pipeline,Fuel Oil
Transport EF,Transport Distance,Pipeline,Coke,`,transport_distance,Pipeline,Coke
Transport EF,Transport Distance,Pipeline,Residual fuels,`,transport_distance,Pipeline,Residual fuels
Transport EF,Transport Distance,Pipeline,Liquefied Petroleum Gases (LPG),`,transport_distance,Pipeline,Liquefied Petroleum Gases (LPG)
Transport EF,Transport Distance,Pipeline,Petrochemical Feedstocks,`,transport_distance,Pipeline,Petrochemical Feedstocks
Transport EF,Transport Distance,Pipeline,Asphalt,`,transport_distance,Pipeline,Asphalt
Transport EF,Transport Distance,Pipeline,Sulphur,`,transport_distance,Pipeline,Sulphur
Transport EF,Transport Distance,Pipeline,Surplus RFG,`,transport_distance,Pipeline,Surplus RFG
Transport EF,Transport Distance,Pipeline,Surplus NCR H2,`,transport_distance,Pipeline,Surplus NCR H2
Transport EF,Transport Distance,Pipeline,Ethane,`,transport_distance,Pipeline,Ethane
Transport EF,Transport Distance,Pipeline,Propane,`,transport_distance,Pipeline,Propane
Transport EF,Transport Distance,Pipeline,Butane,`,transport_distance,Pipeline,Butane
Transport EF,Transport Distance,Pipeline,Pentanes Plus,`,transport_distance,Pipeline,Pentanes Plus
Transport EF,Transport Distance,Pipeline,NGLs,`,transport_distance,Pipeline,NGLs
Transport EF,Transport Distance,Rail,Gasoline,`,transport_distance,Rail,Gasoline
Transport EF,Transport Distance,Rail,Jet Fuel,`,transport_distance,Rail,Jet Fuel
Transport EF,Transport Distance,Rail,Diesel,`,transport_distance,Rail,Diesel
Transport EF,Transport Distance,Rail,Fuel Oil,`,transport_distance,Rail,Fuel Oil
Transport EF,Transport Distance,Rail,Coke,`,transport_distance,Rail,Coke
Transport EF,Transport Distance,Rail,Residual fuels,`,transport_distance,Rail,Residual fuels
Transport EF,Transport Distance,Rail,Liquefied Petroleum Gases (LPG),`,transport_distance,Rail,Liquefied Petroleum Gases (LPG)
Transport EF,Transport Distance,Rail,Petrochemical Feedstocks,`,transport_distance,Rail,Petrochemical Feedstocks
Transport EF,Transport Distance,Rail,Asphalt,`,transport_distance,Rail,Asphalt
Transport EF,Transport Distance,Rail,Sulphur,`,transport_distance,Rail,Sulphur
Transport EF,Transport Distance,Rail,Surplus RFG,`,transport_distance,Rail,Surplus RFG
Transport EF,Transport Distance,Rail,Surplus NCR H2,`,transport_distance,Rail,Surplus NCR H2
Transport EF,Transport Distance,Rail,Ethane,`,transport_distance,Rail,Ethane
Transport EF,Transport Distance,Rail,Propane,`,transport_distance,Rail,Propane
Transport EF,Transport Distance,Rail,Butane,`,transport_distance,Rail,Butane
Transport EF,Transport Distance,Rail,Pentanes Plus,`,transport_distance,Rail,Pentanes Plus
Transport EF,Transport Distance,Rail,NGLs,`,transport_distance,Rail,NGLs
Transport EF,Transport Distance,Heavy-Duty Truck,Gasoline,`,transport_distance,Heavy-Duty Truck,Gasoline
Transport EF,Transport Distance,Heavy-Duty Truck,Jet Fuel,`,transport_distance,Heavy-Duty Truck,Jet Fuel
Transport EF,Transport Distance,Heavy-Duty Truck,Diesel,`,transport_distance,Heavy-Duty Truck,Diesel
Transport EF,Transport Distance,Heavy-Duty Truck,Fuel Oil,`,transport_distance,Heavy-Duty Truck,Fuel Oil
Transport EF,Transport Distance,Heavy-Duty Truck,Coke,`,transport_distance,Heavy-Duty Truck,Coke
Transport EF,Transport Distance,Heavy-Duty Truck,Residual fuels,`,transport_distance,Heavy-Duty Truck,Residual fuels
Transport EF,Transport Distance,Heavy-Duty Truck,Liquefied Petroleum Gases (LPG),`,transport_distance,Heavy-Duty Truck,Liquefied Petroleum Gases (LPG)
Transport EF,Transport Distance,Heavy-Duty Truck,Petrochemical Feedstocks,`,transport_distance,Heavy-Duty Truck,Petrochemical Feedstocks
Transport EF,Transport Distance,Heavy-Duty Truck,Asphalt,`,transport_distance,Heavy-Duty Truck,Asphalt
Transport EF,Transport Distance,Heavy-Duty Truck,Sulphur,`,transport_distance,Heavy-Duty Truck,Sulphur
Transport EF,Transport Distance,Heavy-Duty Truck,Surplus RFG,`,transport_distance,Heavy-Duty Truck,Surplus RFG
Transport EF,Transport Distance,Heavy-Duty Truck,Surplus NCR H2,`,transport_distance,Heavy-Duty Truck,Surplus NCR H2
Transport EF,Transport Distance,Heavy-Duty Truck,Ethane,`,transport_distance,Heavy-Duty Truck,Ethane
Transport EF,Transport Distance,Heavy-Duty Truck,Propane,`,transport_distance,Heavy-Duty Truck,Propane
Transport EF,Transport Distance,Heavy-Duty Truck,Butane,`,transport_distance,Heavy-Duty Truck,Butane
Transport EF,Transport Distance,Heavy-Duty Truck,Pentanes Plus,`,transport_distance,Heavy-Duty Truck,Pentanes Plus
Transport EF,Transport Distance,Heavy-Duty Truck,NGLs,`,transport_distance,Heavy-Duty Truck,NGLs
Transport EF,Transport Distance,Ocean Tanker,Gasoline,`,transport_distance,Ocean Tanker,Gasoline
Transport EF,Transport Distance,Ocean Tanker,Jet Fuel,`,transport_distance,Ocean Tanker,Jet Fuel
Transport EF,Transport Distance,Ocean Tanker,Diesel,`,transport_distance,Ocean Tanker,Diesel
Transport EF,Transport Distance,Ocean Tanker,Fuel Oil,`,transport_distance,Ocean Tanker,Fuel Oil
Transport EF,Transport Distance,Ocean Tanker,Coke,`,transport_distance,Ocean Tanker,Coke
Transport EF,Transport Distance,Ocean Tanker,Residual fuels,`,transport_distance,Ocean Tanker,Residual fuels
Transport EF,Transport Distance,Ocean Tanker,Liquefied Petroleum Gases (LPG),`,transport_distance,Ocean Tanker,Liquefied Petroleum Gases (LPG)
Transport EF,Transport Distance,Ocean Tanker,Petrochemical Feedstocks,`,transport_distance,Ocean Tanker,Petrochemical Feedstocks
Transport EF,Transport Distance,Ocean Tanker,Asphalt,`,transport_distance,Ocean Tanker,Asphalt
Transport EF,Transport Distance,Ocean Tanker,Sulphur,`,transport_distance,Ocean Tanker,Sulphur
Transport EF,Transport Distance,Ocean Tanker,Surplus RFG,`,transport_distance,Ocean Tanker,Surplus RFG
Transport EF,Transport Distance,Ocean Tanker,Surplus NCR H2,`,transport_distance,Ocean Tanker,Surplus NCR H2
Transport EF,Transport Distance,Ocean Tanker,Ethane,`,transport_distance,Ocean Tanker,Ethane
Transport EF,Transport Distance,Ocean Tanker,Propane,`,transport_distance,Ocean Tanker,Propane
Transport EF,Transport Distance,Ocean Tanker,Butane,`,transport_distance,Ocean Tanker,Butane
Transport EF,Transport Distance,Ocean Tanker,Pentanes Plus,`,transport_distance,Ocean Tanker,Pentanes Plus
Transport EF,Transport Distance,Ocean Tanker,NGLs,`,transport_distance,Ocean Tanker,NGLs
Transport EF,Transport Distance,Barge,Gasoline,`,transport_distance,Barge,Gasoline
Transport EF,Transport Distance,Barge,Jet Fuel,`,transport_distance,Barge,Jet Fuel
Transport EF,Transport Distance,Barge,Diesel,`,transport_distance,Barge,Diesel
Transport EF,Transport Distance,Barge,Fuel Oil,`,transport_distance,Barge,Fuel Oil
Transport EF,Transport Distance,Barge,Coke,`,transport_distance,Barge,Coke
Transport EF,Transport Distance,Barge,Residual fuels,`,transport_distance,Barge,Residual fuels
Transport EF,Transport Distance,Barge,Liquefied Petroleum Gases (LPG),`,transport_distance,Barge,Liquefied Petroleum Gases (LPG)
Transport EF,Transport Distance,Barge,Petrochemical Feedstocks,`,transport_distance,Barge,Petrochemical Feedstocks
Transport EF,Transport Distance,Barge,Asphalt,`,transport_distance,Barge,Asphalt
Transport EF,Transport Distance,Barge,Sulphur,`,transport_distance,Barge,Sulphur
Transport EF,Transport Distance,Barge,Surplus RFG,`,transport_distance,Barge,Surplus RFG
Transport EF,Transport Distance,Barge,Surplus NCR H2,`,transport_distance,Barge,Surplus NCR H2
Transport EF,Transport Distance,Barge,Ethane,`,transport_distance,Barge,Ethane
Transport EF,Transport Distance,Barge,Propane,`,transport_distance,Barge,Propane
Transport EF,Transport Distance,Barge,Butane,`,transport_distance,Barge,Butane
Transport EF,Transport Distance,Barge,Pentanes Plus,`,transport_distance,Barge,Pentanes Plus
Transport EF,Transport Distance,Barge,NGLs,`,transport_distance,Barge,NGLs
,,,,,,,
Prod Combustion EF,Combustion EF,Butane,kg CO2 per gallon,`,product_combustion_emission_factors_petroleum,Butane,kg CO2 per gallon
Prod Combustion EF,Combustion EF,Butane,g CH4 per gallon,`,product_combustion_emission_factors_petroleum,Butane,g CH4 per gallon
Prod Combustion EF,Combustion EF,Butane,g N2O per gallon,`,product_combustion_emission_factors_petroleum,Butane,g N2O per gallon
Prod Combustion EF,Combustion EF,Distillate Fuel Oil No. 2,kg CO2 per gallon,`,product_combustion_emission_factors_petroleum,Distillate Fuel Oil No. 2,kg CO2 per gallon
Prod Combustion EF,Combustion EF,Distillate Fuel Oil No. 2,g CH4 per gallon,`,product_combustion_emission_factors_petroleum,Distillate Fuel Oil No. 2,g CH4 per gallon
Prod Combustion EF,Combustion EF,Distillate Fuel Oil No. 2,g N2O per gallon,`,product_combustion_emission_factors_petroleum,Distillate Fuel Oil No. 2,g N2O per gallon
Prod Combustion EF,Combustion EF,Distillate Fuel Oil No. 4,kg CO2 per gallon,`,product_combustion_emission_factors_petroleum,Distillate Fuel Oil No. 4,kg CO2 per gallon
Prod Combustion EF,Combustion EF,Distillate Fuel Oil No. 4,g CH4 per gallon,`,product_combustion_emission_factors_petroleum,Distillate Fuel Oil No. 4,g CH4 per gallon
Prod Combustion EF,Combustion EF,Distillate Fuel Oil No. 4,g N2O per gallon,`,product_combustion_emission_factors_petroleum,Distillate Fuel Oil No. 4,g N2O per gallon
Prod Combustion EF,Combustion EF,Ethane,kg CO2 per gallon,`,product_combustion_emission_factors_petroleum,Ethane,kg CO2 per gallon
Prod Combustion EF,Combustion EF,Ethane,g CH4 per gallon,`,product_combustion_emission_factors_petroleum,Ethane,g CH4 per gallon
Prod Combustion EF,Combustion EF,Ethane,g N2O per gallon,`,product_combustion_emission_factors_petroleum,Ethane,g N2O per gallon
Prod Combustion EF,Combustion EF,Kerosene-Type Jet Fuel,kg CO2 per gallon,`,product_combustion_emission_factors_petroleum,Kerosene-Type Jet Fuel,kg CO2 per gallon
Prod Combustion EF,Combustion EF,Kerosene-Type Jet Fuel,g CH4 per gallon,`,product_combustion_emission_factors_petroleum,Kerosene-Type Jet Fuel,g CH4 per gallon
Prod Combustion EF,Combustion EF,Kerosene-Type Jet Fuel,g N2O per gallon,`,product_combustion_emission_factors_petroleum,Kerosene-Type Jet Fuel,g N2O per gallon
Prod Combustion EF,Combustion EF,Liquefied Petroleum Gases (LPG),kg CO2 per gallon,`,product_combustion_emission_factors_petroleum,Liquefied Petroleum Gases (LPG),kg CO2 per gallon
Prod Combustion EF,Combustion EF,Liquefied Petroleum Gases (LPG),g CH4 per gallon,`,product_combustion_emission_factors_petroleum,Liquefied Petroleum Gases (LPG),g CH4 per gallon
Prod Combustion EF,Combustion EF,Liquefied Petroleum Gases (LPG),g N2O per gallon,`,product_combustion_emission_factors_petroleum,Liquefied Petroleum Gases (LPG),g N2O per gallon
Prod Combustion EF,Combustion EF,Motor Gasoline,kg CO2 per gallon,`,product_combustion_emission_factors_petroleum,Motor Gasoline,kg CO2 per gallon
Prod Combustion EF,Combustion EF,Motor Gasoline,g CH4 per gallon,`,product_combustion_emission_factors_petroleum,Motor Gasoline,g CH4 per gallon
Prod Combustion EF,Combustion EF,Motor Gasoline,g N2O per gallon,`,product_combustion_emission_factors_petroleum,Motor Gasoline,g N2O per gallon
Prod Combustion EF,Combustion EF,Pentanes Plus,kg CO2 per gallon,`,product_combustion_emission_factors_petroleum,Pentanes Plus,kg CO2 per gallon
Prod Combustion EF,Combustion EF,Pentanes Plus,g CH4 per gallon,`,product_combustion_emission_factors_petroleum,Pentanes Plus,g CH4 per gallon
Prod Combustion EF,Combustion EF,Pentanes Plus,g N2O per gallon,`,product_combustion_emission_factors_petroleum,Pentanes Plus,g N2O per gallon
Prod Combustion EF,Combustion EF,Petrochemical Feedstocks,kg CO2 per gallon,`,product_combustion_emission_factors_petroleum,Petrochemical Feedstocks,kg CO2 per gallon
Prod Combustion EF,Combustion EF,Petrochemical Feedstocks,g CH4 per gallon,`,product_combustion_emission_factors_petroleum,Petrochemical Feedstocks,g CH4 per gallon
Prod Combustion EF,Combustion EF,Petrochemical Feedstocks,g N2O per gallon,`,product_combustion_emission_factors_petroleum,Petrochemical Feedstocks,g N2O per gallon
Prod Combustion EF,Combustion EF,Propane,kg CO2 per gallon,`,product_combustion_emission_factors_petroleum,Propane,kg CO2 per gallon
Prod Combustion EF,Combustion EF,Propane,g CH4 per gallon,`,product_combustion_emission_factors_petroleum,Propane,g CH4 per gallon
Prod Combustion EF,Combustion EF,Propane,g N2O per gallon,`,product_combustion_emission_factors_petroleum,Propane,g N2O per gallon
Prod Combustion EF,Combustion EF,Residual Fuel Oil No. 6,kg CO2 per gallon,`,product_combustion_emission_factors_petroleum,Residual Fuel Oil No. 6,kg CO2 per gallon
Prod Combustion EF,Combustion EF,Residual Fuel Oil No. 6,g CH4 per gallon,`,product_combustion_emission_factors_petroleum,Residual Fuel Oil No. 6,g CH4 per gallon
Prod Combustion EF,Combustion EF,Residual Fuel Oil No. 6,g N2O per gallon,`,product_combustion_emission_factors_petroleum,Residual Fuel Oil No. 6,g N2O per gallon
Prod Combustion EF,Combustion EF,Petroleum Coke,kg CO2 per ton,`,product_combustion_emission_factors_derived_solids,Petroleum Coke,kg CO2 per ton
Prod Combustion EF,Combustion EF,Petroleum Coke,g CH4 per ton,`,product_combustion_emission_factors_derived_solids,Petroleum Coke,g CH4 per ton
Prod Combustion EF,Combustion EF,Petroleum Coke,g N2O per ton,`,product_combustion_emission_factors_derived_solids,Petroleum Coke,g N2O per ton
Prod Combustion EF,Combustion EF,Natural Gas,kg CO2 per scf,`,product_combustion_emission_factors_natural_gas,Natural Gas,kg CO2 per scf
Prod Combustion EF,Combustion EF,Natural Gas,g CH4 per scf,`,product_combustion_emission_factors_natural_gas,Natural Gas,g CH4 per scf
Prod Combustion EF,Combustion EF,Natural Gas,g N2O per scf,`,product_combustion_emission_factors_natural_gas,Natural Gas,g N2O per scf
Prod Combustion EF,Combustion EF,Natural Gas Liquid Average Estimate,kg CO2 per gallon,`,ngl_estimate,Natural Gas Liquid Average Estimate,kg CO2 per gallon
Prod Combustion EF,Combustion EF,Natural Gas Liquid Average Estimate,g CH4 per gallon,`,ngl_estimate,Natural Gas Liquid Average Estimate,g CH4 per gallon
Prod Combustion EF,Combustion EF,Natural Gas Liquid Average Estimate,g N2O per gallon,`,ngl_estimate,Natural Gas Liquid Average Estimate,g N2O per gallon
,,,,,,,
Pipeline EF,Energy Intensity of Pipeline Transport (btu/ton-mile),Reciprocating Engine,-,`,energy_intensity_of_pipeline_transportation,Oil Product Pipeline,Reciprocating Engine
Pipeline EF,Energy Intensity of Pipeline Transport (btu/ton-mile),Turbine ,-,`,energy_intensity_of_pipeline_transportation,Oil Product Pipeline,Turbine 
Pipeline EF,Energy Intensity of Pipeline Transport (btu/ton-mile),NG Engine: Future,-,`,energy_intensity_of_pipeline_transportation,Oil Product Pipeline,NG Engine: Future
Pipeline EF,Share of Pipeline Tech Used,Reciprocating Engine,-,`,share_of_pipeline_technologies_used,Oil Product Pipeline,Reciprocating Engine
Pipeline EF,Share of Pipeline Tech Used,Turbine ,-,`,share_of_pipeline_technologies_used,Oil Product Pipeline,Turbine
Pipeline EF,Share of Pipeline Tech Used,NG Engine: Future,-,`,share_of_pipeline_technologies_used,Oil Product Pipeline,NG Engine: Future
Rail EF,Energy Intensity of Rail Transportation (Btu/ton-mile),Trip From Product Origin to Destination,-,`,energy_intensity_of_rail_transportation,Trip From Product Origin to Destination,Energy Intensity
Rail EF,Energy Intensity of Rail Transportation (Btu/ton-mile),Trip From Product Destination Back to Origin,-,`,energy_intensity_of_rail_transportation,Trip From Product Destination Back to Origin,Energy Intensity
Heavy-Duty Truck EF,Fuel Economy and Resultant Energy Consumption of Heavy-Duty Trucks,Trip From Product Origin to Destination,Fuel Economy (miles/diesel gallon),`,truck_fuel_economy_and_resultant_energy_consumption,Trip From Product Origin to Destination,Fuel Economy (miles/diesel gallon)
Heavy-Duty Truck EF,Fuel Economy and Resultant Energy Consumption of Heavy-Duty Trucks,Trip From Product Origin to Destination,Cargo Payload (kg),`,truck_fuel_economy_and_resultant_energy_consumption,Trip From Product Origin to Destination,Cargo Payload (kg)
Heavy-Duty Truck EF,Fuel Economy and Resultant Energy Consumption of Heavy-Duty Trucks,Trip From Product Destination Back to Origin,Fuel Economy (miles/diesel gallon),`,truck_fuel_economy_and_resultant_energy_consumption,Trip From Product Destination Back to Origin,Fuel Economy (miles/diesel gallon)
Heavy-Duty Truck EF,Fuel Economy and Resultant Energy Consumption of Heavy-Duty Trucks,Trip From Product Destination Back to Origin,Cargo Payload (kg),`,truck_fuel_economy_and_resultant_energy_consumption,Trip From Product Destination Back to Origin,Cargo Payload (kg)
Heavy-Duty Truck EF,Select Biodiesel for Simulating Oil-Based Renewable Diesel,,,`,select_biodiesel,,
Heavy-Duty Truck EF,Emission Factors of Fuel Combustion for Feedstock and Fuel Transportation: Trip From Product Origin to Product Destination (grams per mmBtu of fuel burned),Class 8B Diesel Truck Emission Factors (g/mi.),VOC,`,truck_emission_factors_of_fuel_combustion_origin_to_destination,VOC,Class 8B Diesel Truck Emission Factors (g/mi.)
Heavy-Duty Truck EF,Emission Factors of Fuel Combustion for Feedstock and Fuel Transportation: Trip From Product Origin to Product Destination (grams per mmBtu of fuel burned),Class 8B Diesel Truck Emission Factors (g/mi.),CO,`,truck_emission_factors_of_fuel_combustion_origin_to_destination,CO,Class 8B Diesel Truck Emission Factors (g/mi.)
Heavy-Duty Truck EF,Emission Factors of Fuel Combustion for Feedstock and Fuel Transportation: Trip From Product Origin to Product Destination (grams per mmBtu of fuel burned),Class 8B Diesel Truck Emission Factors (g/mi.),NOx,`,truck_emission_factors_of_fuel_combustion_origin_to_destination,NOx,Class 8B Diesel Truck Emission Factors (g/mi.)
Heavy-Duty Truck EF,Emission Factors of Fuel Combustion for Feedstock and Fuel Transportation: Trip From Product Origin to Product Destination (grams per mmBtu of fuel burned),Class 8B Diesel Truck Emission Factors (g/mi.),PM10,`,truck_emission_factors_of_fuel_combustion_origin_to_destination,PM10,Class 8B Diesel Truck Emission Factors (g/mi.)
Heavy-Duty Truck EF,Emission Factors of Fuel Combustion for Feedstock and Fuel Transportation: Trip From Product Origin to Product Destination (grams per mmBtu of fuel burned),Class 8B Diesel Truck Emission Factors (g/mi.),PM2.5,`,truck_emission_factors_of_fuel_combustion_origin_to_destination,PM2.5,Class 8B Diesel Truck Emission Factors (g/mi.)
Heavy-Duty Truck EF,Emission Factors of Fuel Combustion for Feedstock and Fuel Transportation: Trip From Product Origin to Product Destination (grams per mmBtu of fuel burned),Class 8B Diesel Truck Emission Factors (g/mi.),SOx,`,truck_emission_factors_of_fuel_combustion_origin_to_destination,SOx,Class 8B Diesel Truck Emission Factors (g/mi.)
Heavy-Duty Truck EF,Emission Factors of Fuel Combustion for Feedstock and Fuel Transportation: Trip From Product Origin to Product Destination (grams per mmBtu of fuel burned),Class 8B Diesel Truck Emission Factors (g/mi.),BC,`,truck_emission_factors_of_fuel_combustion_origin_to_destination,BC,Class 8B Diesel Truck Emission Factors (g/mi.)
Heavy-Duty Truck EF,Emission Factors of Fuel Combustion for Feedstock and Fuel Transportation: Trip From Product Origin to Product Destination (grams per mmBtu of fuel burned),Class 8B Diesel Truck Emission Factors (g/mi.),OC,`,truck_emission_factors_of_fuel_combustion_origin_to_destination,OC,Class 8B Diesel Truck Emission Factors (g/mi.)
Heavy-Duty Truck EF,Emission Factors of Fuel Combustion for Feedstock and Fuel Transportation: Trip From Product Origin to Product Destination (grams per mmBtu of fuel burned),Class 8B Diesel Truck Emission Factors (g/mi.),CH4,`,truck_emission_factors_of_fuel_combustion_origin_to_destination,CH4,Class 8B Diesel Truck Emission Factors (g/mi.)
Heavy-Duty Truck EF,Emission Factors of Fuel Combustion for Feedstock and Fuel Transportation: Trip From Product Origin to Product Destination (grams per mmBtu of fuel burned),Class 8B Diesel Truck Emission Factors (g/mi.),N2O,`,truck_emission_factors_of_fuel_combustion_origin_to_destination,N2O,Class 8B Diesel Truck Emission Factors (g/mi.)
Heavy-Duty Truck EF,Emission Factors of Fuel Combustion for Feedstock and Fuel Transportation: Trip From Product Destination Back to Product Origin (grams per mmBtu of fuel burned),Class 8B Diesel Truck Emission Factors (g/mi.),VOC,`,truck_emission_factors_of_fuel_combustion_destination_to_origin,VOC,Class 8B Diesel Truck Emission Factors (g/mi.)
Heavy-Duty Truck EF,Emission Factors of Fuel Combustion for Feedstock and Fuel Transportation: Trip From Product Destination Back to Product Origin (grams per mmBtu of fuel burned),Class 8B Diesel Truck Emission Factors (g/mi.),CO,`,truck_emission_factors_of_fuel_combustion_destination_to_origin,CO,Class 8B Diesel Truck Emission Factors (g/mi.)
Heavy-Duty Truck EF,Emission Factors of Fuel Combustion for Feedstock and Fuel Transportation: Trip From Product Destination Back to Product Origin (grams per mmBtu of fuel burned),Class 8B Diesel Truck Emission Factors (g/mi.),NOx,`,truck_emission_factors_of_fuel_combustion_destination_to_origin,NOx,Class 8B Diesel Truck Emission Factors (g/mi.)
Heavy-Duty Truck EF,Emission Factors of Fuel Combustion for Feedstock and Fuel Transportation: Trip From Product Destination Back to Product Origin (grams per mmBtu of fuel burned),Class 8B Diesel Truck Emission Factors (g/mi.),PM10,`,truck_emission_factors_of_fuel_combustion_destination_to_origin,PM10,Class 8B Diesel Truck Emission Factors (g/mi.)
Heavy-Duty Truck EF,Emission Factors of Fuel Combustion for Feedstock and Fuel Transportation: Trip From Product Destination Back to Product Origin (grams per mmBtu of fuel burned),Class 8B Diesel Truck Emission Factors (g/mi.),PM2.5,`,truck_emission_factors_of_fuel_combustion_destination_to_origin,PM2.5,Class 8B Diesel Truck Emission Factors (g/mi.)
Heavy-Duty Truck EF,Emission Factors of Fuel Combustion for Feedstock and Fuel Transportation: Trip From Product Destination Back to Product Origin (grams per mmBtu of fuel burned),Class 8B Diesel Truck Emission Factors (g/mi.),SOx,`,truck_emission_factors_of_fuel_combustion_destination_to_origin,SOx,Class 8B Diesel Truck Emission Factors (g/mi.)
Heavy-Duty Truck EF,Emission Factors of Fuel Combustion for Feedstock and Fuel Transportation: Trip From Product Destination Back to Product Origin (grams per mmBtu of fuel burned),Class 8B Diesel Truck Emission Factors (g/mi.),BC,`,truck_emission_factors_of_fuel_combustion_destination_to_origin,BC,Class 8B Diesel Truck Emission Factors (g/mi.)
Heavy-Duty Truck EF,Emission Factors of Fuel Combustion for Feedstock and Fuel Transportation: Trip From Product Destination Back to Product Origin (grams per mmBtu of fuel burned),Class 8B Diesel Truck Emission Factors (g/mi.),OC,`,truck_emission_factors_of_fuel_combustion_destination_to_origin,OC,Class 8B Diesel Truck Emission Factors (g/mi.)
Heavy-Duty Truck EF,Emission Factors of Fuel Combustion for Feedstock and Fuel Transportation: Trip From Product Destination Back to Product Origin (grams per mmBtu of fuel burned),Class 8B Diesel Truck Emission Factors (g/mi.),CH4,`,truck_emission_factors_of_fuel_combustion_destination_to_origin,CH4,Class 8B Diesel Truck Emission Factors (g/mi.)
Heavy-Duty Truck EF,Emission Factors of Fuel Combustion for Feedstock and Fuel Transportation: Trip From Product Destination Back to Product Origin (grams per mmBtu of fuel burned),Class 8B Diesel Truck Emission Factors (g/mi.),N2O,`,truck_emission_factors_of_fuel_combustion_destination_to_origin,N2O,Class 8B Diesel Truck Emission Factors (g/mi.)
,,,,,,,
Heavy-Duty Truck EF,Emission Ratios by Fuel Type Relative to Baseline Fuel,VOC,LNG,`,emission_ratios_by_fuel_type_relative_to_baseline_fuel,VOC,LNG
Heavy-Duty Truck EF,Emission Ratios by Fuel Type Relative to Baseline Fuel,VOC,DME,`,emission_ratios_by_fuel_type_relative_to_baseline_fuel,VOC,DME
Heavy-Duty Truck EF,Emission Ratios by Fuel Type Relative to Baseline Fuel,VOC,FTD,`,emission_ratios_by_fuel_type_relative_to_baseline_fuel,VOC,FTD
Heavy-Duty Truck EF,Emission Ratios by Fuel Type Relative to Baseline Fuel,VOC,E90,`,emission_ratios_by_fuel_type_relative_to_baseline_fuel,VOC,E90
Heavy-Duty Truck EF,Emission Ratios by Fuel Type Relative to Baseline Fuel,VOC,M90,`,emission_ratios_by_fuel_type_relative_to_baseline_fuel,VOC,M90
Heavy-Duty Truck EF,Emission Ratios by Fuel Type Relative to Baseline Fuel,VOC,LPG,`,emission_ratios_by_fuel_type_relative_to_baseline_fuel,VOC,LPG
Heavy-Duty Truck EF,Emission Ratios by Fuel Type Relative to Baseline Fuel,VOC,Biodiesel,`,emission_ratios_by_fuel_type_relative_to_baseline_fuel,VOC,Biodiesel
Heavy-Duty Truck EF,Emission Ratios by Fuel Type Relative to Baseline Fuel,VOC,Renewable Diesel,`,emission_ratios_by_fuel_type_relative_to_baseline_fuel,VOC,Renewable Diesel
Heavy-Duty Truck EF,Emission Ratios by Fuel Type Relative to Baseline Fuel,VOC,Renewable Gasoline,`,emission_ratios_by_fuel_type_relative_to_baseline_fuel,VOC,Renewable Gasoline
Heavy-Duty Truck EF,Emission Ratios by Fuel Type Relative to Baseline Fuel,VOC,Hydrogen,`,emission_ratios_by_fuel_type_relative_to_baseline_fuel,VOC,Hydrogen
Heavy-Duty Truck EF,Emission Ratios by Fuel Type Relative to Baseline Fuel,CO,LNG,`,emission_ratios_by_fuel_type_relative_to_baseline_fuel,CO,LNG
Heavy-Duty Truck EF,Emission Ratios by Fuel Type Relative to Baseline Fuel,CO,DME,`,emission_ratios_by_fuel_type_relative_to_baseline_fuel,CO,DME
Heavy-Duty Truck EF,Emission Ratios by Fuel Type Relative to Baseline Fuel,CO,FTD,`,emission_ratios_by_fuel_type_relative_to_baseline_fuel,CO,FTD
Heavy-Duty Truck EF,Emission Ratios by Fuel Type Relative to Baseline Fuel,CO,E90,`,emission_ratios_by_fuel_type_relative_to_baseline_fuel,CO,E90
Heavy-Duty Truck EF,Emission Ratios by Fuel Type Relative to Baseline Fuel,CO,M90,`,emission_ratios_by_fuel_type_relative_to_baseline_fuel,CO,M90
Heavy-Duty Truck EF,Emission Ratios by Fuel Type Relative to Baseline Fuel,CO,LPG,`,emission_ratios_by_fuel_type_relative_to_baseline_fuel,CO,LPG
Heavy-Duty Truck EF,Emission Ratios by Fuel Type Relative to Baseline Fuel,CO,Biodiesel,`,emission_ratios_by_fuel_type_relative_to_baseline_fuel,CO,Biodiesel
Heavy-Duty Truck EF,Emission Ratios by Fuel Type Relative to Baseline Fuel,CO,Renewable Diesel,`,emission_ratios_by_fuel_type_relative_to_baseline_fuel,CO,Renewable Diesel
Heavy-Duty Truck EF,Emission Ratios by Fuel Type Relative to Baseline Fuel,CO,Renewable Gasoline,`,emission_ratios_by_fuel_type_relative_to_baseline_fuel,CO,Renewable Gasoline
Heavy-Duty Truck EF,Emission Ratios by Fuel Type Relative to Baseline Fuel,CO,Hydrogen,`,emission_ratios_by_fuel_type_relative_to_baseline_fuel,CO,Hydrogen
Heavy-Duty Truck EF,Emission Ratios by Fuel Type Relative to Baseline Fuel,NOx,LNG,`,emission_ratios_by_fuel_type_relative_to_baseline_fuel,NOx,LNG
Heavy-Duty Truck EF,Emission Ratios by Fuel Type Relative to Baseline Fuel,NOx,DME,`,emission_ratios_by_fuel_type_relative_to_baseline_fuel,NOx,DME
Heavy-Duty Truck EF,Emission Ratios by Fuel Type Relative to Baseline Fuel,NOx,FTD,`,emission_ratios_by_fuel_type_relative_to_baseline_fuel,NOx,FTD
Heavy-Duty Truck EF,Emission Ratios by Fuel Type Relative to Baseline Fuel,NOx,E90,`,emission_ratios_by_fuel_type_relative_to_baseline_fuel,NOx,E90
Heavy-Duty Truck EF,Emission Ratios by Fuel Type Relative to Baseline Fuel,NOx,M90,`,emission_ratios_by_fuel_type_relative_to_baseline_fuel,NOx,M90
Heavy-Duty Truck EF,Emission Ratios by Fuel Type Relative to Baseline Fuel,NOx,LPG,`,emission_ratios_by_fuel_type_relative_to_baseline_fuel,NOx,LPG
Heavy-Duty Truck EF,Emission Ratios by Fuel Type Relative to Baseline Fuel,NOx,Biodiesel,`,emission_ratios_by_fuel_type_relative_to_baseline_fuel,NOx,Biodiesel
Heavy-Duty Truck EF,Emission Ratios by Fuel Type Relative to Baseline Fuel,NOx,Renewable Diesel,`,emission_ratios_by_fuel_type_relative_to_baseline_fuel,NOx,Renewable Diesel
Heavy-Duty Truck EF,Emission Ratios by Fuel Type Relative to Baseline Fuel,NOx,Renewable Gasoline,`,emission_ratios_by_fuel_type_relative_to_baseline_fuel,NOx,Renewable Gasoline
Heavy-Duty Truck EF,Emission Ratios by Fuel Type Relative to Baseline Fuel,NOx,Hydrogen,`,emission_ratios_by_fuel_type_relative_to_baseline_fuel,NOx,Hydrogen
Heavy-Duty Truck EF,Emission Ratios by Fuel Type Relative to Baseline Fuel,PM10,LNG,`,emission_ratios_by_fuel_type_relative_to_baseline_fuel,PM10,LNG
Heavy-Duty Truck EF,Emission Ratios by Fuel Type Relative to Baseline Fuel,PM10,DME,`,emission_ratios_by_fuel_type_relative_to_baseline_fuel,PM10,DME
Heavy-Duty Truck EF,Emission Ratios by Fuel Type Relative to Baseline Fuel,PM10,FTD,`,emission_ratios_by_fuel_type_relative_to_baseline_fuel,PM10,FTD
Heavy-Duty Truck EF,Emission Ratios by Fuel Type Relative to Baseline Fuel,PM10,E90,`,emission_ratios_by_fuel_type_relative_to_baseline_fuel,PM10,E90
Heavy-Duty Truck EF,Emission Ratios by Fuel Type Relative to Baseline Fuel,PM10,M90,`,emission_ratios_by_fuel_type_relative_to_baseline_fuel,PM10,M90
Heavy-Duty Truck EF,Emission Ratios by Fuel Type Relative to Baseline Fuel,PM10,LPG,`,emission_ratios_by_fuel_type_relative_to_baseline_fuel,PM10,LPG
Heavy-Duty Truck EF,Emission Ratios by Fuel Type Relative to Baseline Fuel,PM10,Biodiesel,`,emission_ratios_by_fuel_type_relative_to_baseline_fuel,PM10,Biodiesel
Heavy-Duty Truck EF,Emission Ratios by Fuel Type Relative to Baseline Fuel,PM10,Renewable Diesel,`,emission_ratios_by_fuel_type_relative_to_baseline_fuel,PM10,Renewable Diesel
Heavy-Duty Truck EF,Emission Ratios by Fuel Type Relative to Baseline Fuel,PM10,Renewable Gasoline,`,emission_ratios_by_fuel_type_relative_to_baseline_fuel,PM10,Renewable Gasoline
Heavy-Duty Truck EF,Emission Ratios by Fuel Type Relative to Baseline Fuel,PM10,Hydrogen,`,emission_ratios_by_fuel_type_relative_to_baseline_fuel,PM10,Hydrogen
Heavy-Duty Truck EF,Emission Ratios by Fuel Type Relative to Baseline Fuel,PM2.5,LNG,`,emission_ratios_by_fuel_type_relative_to_baseline_fuel,PM2.5,LNG
Heavy-Duty Truck EF,Emission Ratios by Fuel Type Relative to Baseline Fuel,PM2.5,DME,`,emission_ratios_by_fuel_type_relative_to_baseline_fuel,PM2.5,DME
Heavy-Duty Truck EF,Emission Ratios by Fuel Type Relative to Baseline Fuel,PM2.5,FTD,`,emission_ratios_by_fuel_type_relative_to_baseline_fuel,PM2.5,FTD
Heavy-Duty Truck EF,Emission Ratios by Fuel Type Relative to Baseline Fuel,PM2.5,E90,`,emission_ratios_by_fuel_type_relative_to_baseline_fuel,PM2.5,E90
Heavy-Duty Truck EF,Emission Ratios by Fuel Type Relative to Baseline Fuel,PM2.5,M90,`,emission_ratios_by_fuel_type_relative_to_baseline_fuel,PM2.5,M90
Heavy-Duty Truck EF,Emission Ratios by Fuel Type Relative to Baseline Fuel,PM2.5,LPG,`,emission_ratios_by_fuel_type_relative_to_baseline_fuel,PM2.5,LPG
Heavy-Duty Truck EF,Emission Ratios by Fuel Type Relative to Baseline Fuel,PM2.5,Biodiesel,`,emission_ratios_by_fuel_type_relative_to_baseline_fuel,PM2.5,Biodiesel
Heavy-Duty Truck EF,Emission Ratios by Fuel Type Relative to Baseline Fuel,PM2.5,Renewable Diesel,`,emission_ratios_by_fuel_type_relative_to_baseline_fuel,PM2.5,Renewable Diesel
Heavy-Duty Truck EF,Emission Ratios by Fuel Type Relative to Baseline Fuel,PM2.5,Renewable Gasoline,`,emission_ratios_by_fuel_type_relative_to_baseline_fuel,PM2.5,Renewable Gasoline
Heavy-Duty Truck EF,Emission Ratios by Fuel Type Relative to Baseline Fuel,PM2.5,Hydrogen,`,emission_ratios_by_fuel_type_relative_to_baseline_fuel,PM2.5,Hydrogen
Heavy-Duty Truck EF,Emission Ratios by Fuel Type Relative to Baseline Fuel,BC,LNG,`,emission_ratios_by_fuel_type_relative_to_baseline_fuel,BC,LNG
Heavy-Duty Truck EF,Emission Ratios by Fuel Type Relative to Baseline Fuel,BC,DME,`,emission_ratios_by_fuel_type_relative_to_baseline_fuel,BC,DME
Heavy-Duty Truck EF,Emission Ratios by Fuel Type Relative to Baseline Fuel,BC,FTD,`,emission_ratios_by_fuel_type_relative_to_baseline_fuel,BC,FTD
Heavy-Duty Truck EF,Emission Ratios by Fuel Type Relative to Baseline Fuel,BC,E90,`,emission_ratios_by_fuel_type_relative_to_baseline_fuel,BC,E90
Heavy-Duty Truck EF,Emission Ratios by Fuel Type Relative to Baseline Fuel,BC,M90,`,emission_ratios_by_fuel_type_relative_to_baseline_fuel,BC,M90
Heavy-Duty Truck EF,Emission Ratios by Fuel Type Relative to Baseline Fuel,BC,LPG,`,emission_ratios_by_fuel_type_relative_to_baseline_fuel,BC,LPG
Heavy-Duty Truck EF,Emission Ratios by Fuel Type Relative to Baseline Fuel,BC,Biodiesel,`,emission_ratios_by_fuel_type_relative_to_baseline_fuel,BC,Biodiesel
Heavy-Duty Truck EF,Emission Ratios by Fuel Type Relative to Baseline Fuel,BC,Renewable Diesel,`,emission_ratios_by_fuel_type_relative_to_baseline_fuel,BC,Renewable Diesel
Heavy-Duty Truck EF,Emission Ratios by Fuel Type Relative to Baseline Fuel,BC,Renewable Gasoline,`,emission_ratios_by_fuel_type_relative_to_baseline_fuel,BC,Renewable Gasoline
Heavy-Duty Truck EF,Emission Ratios by Fuel Type Relative to Baseline Fuel,BC,Hydrogen,`,emission_ratios_by_fuel_type_relative_to_baseline_fuel,BC,Hydrogen
Heavy-Duty Truck EF,Emission Ratios by Fuel Type Relative to Baseline Fuel,OC,LNG,`,emission_ratios_by_fuel_type_relative_to_baseline_fuel,OC,LNG
Heavy-Duty Truck EF,Emission Ratios by Fuel Type Relative to Baseline Fuel,OC,DME,`,emission_ratios_by_fuel_type_relative_to_baseline_fuel,OC,DME
Heavy-Duty Truck EF,Emission Ratios by Fuel Type Relative to Baseline Fuel,OC,FTD,`,emission_ratios_by_fuel_type_relative_to_baseline_fuel,OC,FTD
Heavy-Duty Truck EF,Emission Ratios by Fuel Type Relative to Baseline Fuel,OC,E90,`,emission_ratios_by_fuel_type_relative_to_baseline_fuel,OC,E90
Heavy-Duty Truck EF,Emission Ratios by Fuel Type Relative to Baseline Fuel,OC,M90,`,emission_ratios_by_fuel_type_relative_to_baseline_fuel,OC,M90
Heavy-Duty Truck EF,Emission Ratios by Fuel Type Relative to Baseline Fuel,OC,LPG,`,emission_ratios_by_fuel_type_relative_to_baseline_fuel,OC,LPG
Heavy-Duty Truck EF,Emission Ratios by Fuel Type Relative to Baseline Fuel,OC,Biodiesel,`,emission_ratios_by_fuel_type_relative_to_baseline_fuel,OC,Biodiesel
Heavy-Duty Truck EF,Emission Ratios by Fuel Type Relative to Baseline Fuel,OC,Renewable Diesel,`,emission_ratios_by_fuel_type_relative_to_baseline_fuel,OC,Renewable Diesel
Heavy-Duty Truck EF,Emission Ratios by Fuel Type Relative to Baseline Fuel,OC,Renewable Gasoline,`,emission_ratios_by_fuel_type_relative_to_baseline_fuel,OC,Renewable Gasoline
Heavy-Duty Truck EF,Emission Ratios by Fuel Type Relative to Baseline Fuel,OC,Hydrogen,`,emission_ratios_by_fuel_type_relative_to_baseline_fuel,OC,Hydrogen
Heavy-Duty Truck EF,Emission Ratios by Fuel Type Relative to Baseline Fuel,CH4,LNG,`,emission_ratios_by_fuel_type_relative_to_baseline_fuel,CH4,LNG
Heavy-Duty Truck EF,Emission Ratios by Fuel Type Relative to Baseline Fuel,CH4,DME,`,emission_ratios_by_fuel_type_relative_to_baseline_fuel,CH4,DME
Heavy-Duty Truck EF,Emission Ratios by Fuel Type Relative to Baseline Fuel,CH4,FTD,`,emission_ratios_by_fuel_type_relative_to_baseline_fuel,CH4,FTD
Heavy-Duty Truck EF,Emission Ratios by Fuel Type Relative to Baseline Fuel,CH4,E90,`,emission_ratios_by_fuel_type_relative_to_baseline_fuel,CH4,E90
Heavy-Duty Truck EF,Emission Ratios by Fuel Type Relative to Baseline Fuel,CH4,M90,`,emission_ratios_by_fuel_type_relative_to_baseline_fuel,CH4,M90
Heavy-Duty Truck EF,Emission Ratios by Fuel Type Relative to Baseline Fuel,CH4,LPG,`,emission_ratios_by_fuel_type_relative_to_baseline_fuel,CH4,LPG
Heavy-Duty Truck EF,Emission Ratios by Fuel Type Relative to Baseline Fuel,CH4,Biodiesel,`,emission_ratios_by_fuel_type_relative_to_baseline_fuel,CH4,Biodiesel
Heavy-Duty Truck EF,Emission Ratios by Fuel Type Relative to Baseline Fuel,CH4,Renewable Diesel,`,emission_ratios_by_fuel_type_relative_to_baseline_fuel,CH4,Renewable Diesel
Heavy-Duty Truck EF,Emission Ratios by Fuel Type Relative to Baseline Fuel,CH4,Renewable Gasoline,`,emission_ratios_by_fuel_type_relative_to_baseline_fuel,CH4,Renewable Gasoline
Heavy-Duty Truck EF,Emission Ratios by Fuel Type Relative to Baseline Fuel,CH4,Hydrogen,`,emission_ratios_by_fuel_type_relative_to_baseline_fuel,CH4,Hydrogen
Heavy-Duty Truck EF,Emission Ratios by Fuel Type Relative to Baseline Fuel,N2O,LNG,`,emission_ratios_by_fuel_type_relative_to_baseline_fuel,N2O,LNG
Heavy-Duty Truck EF,Emission Ratios by Fuel Type Relative to Baseline Fuel,N2O,DME,`,emission_ratios_by_fuel_type_relative_to_baseline_fuel,N2O,DME
Heavy-Duty Truck EF,Emission Ratios by Fuel Type Relative to Baseline Fuel,N2O,FTD,`,emission_ratios_by_fuel_type_relative_to_baseline_fuel,N2O,FTD
Heavy-Duty Truck EF,Emission Ratios by Fuel Type Relative to Baseline Fuel,N2O,E90,`,emission_ratios_by_fuel_type_relative_to_baseline_fuel,N2O,E90
Heavy-Duty Truck EF,Emission Ratios by Fuel Type Relative to Baseline Fuel,N2O,M90,`,emission_ratios_by_fuel_type_relative_to_baseline_fuel,N2O,M90
Heavy-Duty Truck EF,Emission Ratios by Fuel Type Relative to Baseline Fuel,N2O,LPG,`,emission_ratios_by_fuel_type_relative_to_baseline_fuel,N2O,LPG
Heavy-Duty Truck EF,Emission Ratios by Fuel Type Relative to Baseline Fuel,N2O,Biodiesel,`,emission_ratios_by_fuel_type_relative_to_baseline_fuel,N2O,Biodiesel
Heavy-Duty Truck EF,Emission Ratios by Fuel Type Relative to Baseline Fuel,N2O,Renewable Diesel,`,emission_ratios_by_fuel_type_relative_to_baseline_fuel,N2O,Renewable Diesel
Heavy-Duty Truck EF,Emission Ratios by Fuel Type Relative to Baseline Fuel,N2O,Renewable Gasoline,`,emission_ratios_by_fuel_type_relative_to_baseline_fuel,N2O,Renewable Gasoline
Heavy-Duty Truck EF,Emission Ratios by Fuel Type Relative to Baseline Fuel,N2O,Hydrogen,`,emission_ratios_by_fuel_type_relative_to_baseline_fuel,N2O,Hydrogen
,,,,,,,
Tanker & Barge EF,Cargo Payload by Transportation Mode and by Product Fuel Type (short tons),Ocean Tanker,Gasoline,`,cargo_payload,Ocean Tanker,Gasoline
Tanker & Barge EF,Cargo Payload by Transportation Mode and by Product Fuel Type (short tons),Ocean Tanker,Diesel,`,cargo_payload,Ocean Tanker,Diesel
Tanker & Barge EF,Cargo Payload by Transportation Mode and by Product Fuel Type (short tons),Ocean Tanker,Jet Fuel,`,cargo_payload,Ocean Tanker,Jet Fuel
Tanker & Barge EF,Cargo Payload by Transportation Mode and by Product Fuel Type (short tons),Ocean Tanker,Residual Oil,`,cargo_payload,Ocean Tanker,Residual Oil
Tanker & Barge EF,Cargo Payload by Transportation Mode and by Product Fuel Type (short tons),Ocean Tanker,Petcoke,`,cargo_payload,Ocean Tanker,Petcoke
Tanker & Barge EF,Cargo Payload by Transportation Mode and by Product Fuel Type (short tons),Barge,Gasoline,`,cargo_payload,Barge,Gasoline
Tanker & Barge EF,Cargo Payload by Transportation Mode and by Product Fuel Type (short tons),Barge,Diesel,`,cargo_payload,Barge,Diesel
Tanker & Barge EF,Cargo Payload by Transportation Mode and by Product Fuel Type (short tons),Barge,Jet Fuel,`,cargo_payload,Barge,Jet Fuel
Tanker & Barge EF,Cargo Payload by Transportation Mode and by Product Fuel Type (short tons),Barge,Residual Oil,`,cargo_payload,Barge,Residual Oil
Tanker & Barge EF,Cargo Payload by Transportation Mode and by Product Fuel Type (short tons),Barge,Petcoke,`,cargo_payload,Barge,Petcoke
Tanker & Barge EF,Calculation of Energy Consumption for Ocean Tanker and Barge,Ocean Tanker,Average Speed,`,tanker_barge_average_speed,Average Speed (miles/hour),Ocean Tanker
Tanker & Barge EF,Calculation of Energy Consumption for Ocean Tanker and Barge,Ocean Tanker,Origin to Destination Load Factor,`,tanker_barge_energy_consumption_origin_to_destination,Load Factor,Ocean Tanker
Tanker & Barge EF,Calculation of Energy Consumption for Ocean Tanker and Barge,Ocean Tanker,Destination to Origin Load Factor,`,tanker_barge_energy_consumption_destination_to_origin,Load Factor,Ocean Tanker
Tanker & Barge EF,Calculation of Energy Consumption for Ocean Tanker and Barge,Barge,Average Speed,`,tanker_barge_average_speed,Average Speed (miles/hour),Barge
Tanker & Barge EF,Calculation of Energy Consumption for Ocean Tanker and Barge,Barge,Origin to Destination Load Factor,`,tanker_barge_energy_consumption_origin_to_destination,Load Factor,Barge
Tanker & Barge EF,Calculation of Energy Consumption for Ocean Tanker and Barge,Barge,Destination to Origin Load Factor,`,tanker_barge_energy_consumption_destination_to_origin,Load Factor,Barge
Tanker & Barge EF,Marine Fuel Properties and Consumption (Residual Oil),"Brake Specific Fuel Consumption (BSFC, g/kWh operation)",,`,marine_fuel_properties_consumption,"Brake Specific Fuel Consumption (BSFC, g/kWh operation)",properties